﻿<?xml version="1.0" encoding="UTF-8"?>
<application xmlns="http://ns.adobe.com/air/application/2.0">
    <id>com.tencent.weibo.test</id>
	<version>1.0.0</version>
    <filename>腾讯微博AIR测试程序</filename>
	<name>腾讯微博AIR测试程序</name>
    <description>only for test</description>
    <copyright>© 2010</copyright>
    
    <initialWindow>
     	<content>weibo.html</content>
     	<visible>true</visible>
	 	<systemChrome>standard</systemChrome>
		<transparent>false</transparent>
		<width>600</width>
		<height>600</height>
		<minSize>400 300</minSize>
		<maxSize>800 800</maxSize>
		<autoOrients>false</autoOrients>
		<aspectRatio>portrait</aspectRatio>
		<renderMode>auto</renderMode>
	<maximizable>true</maximizable><minimizable>true</minimizable><resizable>false</resizable>
    </initialWindow>
   
</application>
